INSERT INTO Members VALUES (202322001, 'Georgi', 'georgi@dgist.ac.kr', '010-1054-3965', 'phd'),
(202322002, 'Christian','chris@dgist.ac.kr',	'010-6542-6524', 'phd'),
(202322003, 'Anne',	'anne@dgist.ac.kr',	'010-4457-2547', 'phd'),
(202322004, 'Mary',	'mary@dgist.ac.kr',	'010-4562-2345', 'phd'),
(202322005, 'Elvis',	'elvis@dgist.ac.kr',	'010-6584-4536', 'phd'),
(202322006, 'Jeong',	'jeong@dgist.ac.kr',	'010-9988-1124', 'phd'),
(202322007, 'Uri',	'uri@dgist.ac.kr',	'010-2345-3546', 'msd'),
(202322008, 'Lucien',	'lucien@dgist.ac.kr',	'010-2564-6254', 'msd'),
(202322009, 'Magy',	'magy@dgist.ac.kr',	'010-6987-6554', 'msd'),
(202322010, 'Claud',	'claud@dgist.ac.kr',	'010-7463-3675', 'msd'),
(202322011, 'Mona',	'moda@dgist.ac.kr',	'010-8265-2856', 'und'),
(202322012, 'Jungsoon',	'jung@dgist.ac.kr',	'010-2654-9675', 'und'),
(202322013, 'Kendra',	'kendra@dgist.ac.kr',	'010-2764-2764', 'und'),
(202322014, 'Steeve',	'steeve@dgist.ac.kr',	'010-7542-7245', 'und'),
(202322015, 'Shen', 	'shen@dgist.ac.kr',	'010-6987-6987', 'und');

INSERT INTO Attendance VALUES
('2023-11-01',  202322001,  '11:00:03', '18:10:15'),
('2023-11-01',	202322002,	'11:10:15',	'20:30:01'),
('2023-11-01',	202322003,	'11:30:03',	'19:03:01'),
('2023-11-01',  202322004,	'11:03:04',	'18:25:15'),
('2023-11-01',  202322005,	'11:25:35',	'15:35:20'),
('2023-11-01',  202322006,	'13:35:20',	'22:00:00'),
('2023-11-01',  202322007,	'15:35:20',	'17:25:00'),
('2023-11-01',  202322008, 	'10:00:08',	'18:50:04'),
('2023-11-01',  202322009,	'09:10:35',	'16:40:08'),
('2023-11-01',  202322010,	'11:45:09',	'19:00:03'),
('2023-11-01',  202322013,	'11:09:58',	'18:30:09'),
('2023-11-01',  202322015,	'12:00:02',	'18:45:10'),
('2023-11-02',	202322001,	'11:01:00',	'18:20:13'),
('2023-11-02',  202322002,	'11:08:00',	'18:30:15'),
('2023-11-02',  202322003,	'11:14:00',	'18:03:08'),
('2023-11-02',  202322004,	'11:15:00',	'15:55:09'),
('2023-11-02',	202322005,	'10:03:10',	'18:20:33'),
('2023-11-02',  202322006,	'10:50:03',	'19:45:02'),
('2023-11-02',  202322007,	'11:29:00',	'18:30:09'),
('2023-11-02',  202322008, 	'09:10:35',	'20:10:35'),
('2023-11-02',  202322009,	'09:15:00',	'16:40:10'),
('2023-11-02',  202322010,	'10:19:42',	'22:00:10'),
('2023-11-02',  202322012,	'11:08:00',	'18:25:08'),
('2023-11-02',  202322013,	'15:03:00',	'19:10:00'),
('2023-11-02',  202322015,	'11:02:10',	'18:58:10'),
('2023-11-03',	202322001,	'11:10:09',	'20:30:02'),
('2023-11-03',  202322002,	'11:35:08',	'18:10:15'),
('2023-11-03',	202322003,	'11:07:09',	'19:20:44'),
('2023-11-03',  202322004,	'11:58:25',	'23:42:09'),
('2023-11-03',  202322005,	'11:08:04',	'18:34:08'),
('2023-11-03',  202322006,	'11:03:55',	'21:51:02'),
('2023-11-03',  202322007,	'10:55:28',	'19:31:09'),
('2023-11-03',  202322008,	'11:29:57',	'20:45:01'),
('2023-11-03',  202322009,	'09:50:03',	'18:56:03'),
('2023-11-03',  202322010,	'10:24:30',	'16:30:24'),
('2023-11-03',  202322012,	'08:05:14',	'19:40:08'),
('2023-11-03',  202322013,	'14:27:08',	'19:13:09'),
('2023-11-03',  202322014,	'10:45:09',	'21:29:08'),
('2023-11-03',  202322015,	'09:56:20',	'19:13:13');

INSERT INTO DaysOff VALUES ('2023-11-01', 202322011, 2),
('2023-11-01',  202322012, 2),
('2023-11-01',  202322014, 2),
('2023-11-02',	202322011, 2),
('2023-11-02',	202322014, 2),
('2023-11-03',	202322011, 2);
